{
    "sources": [
        [-56.1937522,-34.9099409], 
        [-56.1837930,-34.9138907], 
        [-56.1871247,-34.9022055], 
        [-56.1775218,-34.8989302], 
        [-56.1731582,-34.9027938], 
        [-56.1627437,-34.9003983], 
        [-56.1549063,-34.9054794], 
        [-56.1601349,-34.9132660], 
        [-56.1557248,-34.9152643]
    ], 
    "targets": [
        [66301, -56.1638202, -34.9156674],
        [65002, -56.1935848, -34.9073293],
        [68372, -56.1575343, -34.9104617],
        [65470, -56.1566964, -34.9020202],
        [66089, -56.1844367, -34.9014385],
        [68282, -56.1598734, -34.9102614],
        [66474, -56.1568575, -34.9071386],
        [68319, -56.1902277, -34.9113782],
        [66556, -56.1887041, -34.9037259],
        [67267, -56.1788695, -34.8947914],
        [68108, -56.1527638, -34.9163212],
        [66890, -56.1894836, -34.9075905],
        [68128, -56.1601526, -34.9107278],
        [66500, -56.1709542, -34.9067622],
        [65100, -56.1569993, -34.9121397],
        [66080, -56.1652374, -34.9077375],
        [67345, -56.1591119, -34.9029522],
        [64903, -56.1771889, -34.9089191],
        [67522, -56.1753067, -34.8975040],
        [66382, -56.1670793, -34.9031017],
        [65810, -56.1713161, -34.9023282],
        [67711, -56.1660239, -34.8959213],
        [64950, -56.1884235, -34.8983858],
        [65471, -56.1948350, -34.9100247],
        [65090, -56.1774367, -34.9049983],
        [64912, -56.1841886, -34.9086191],
        [68336, -56.1897046, -34.9122539],
        [66345, -56.1709693, -34.9117894],
        [65422, -56.1530580, -34.9106560],
        [66272, -56.1600636, -34.9140229],
        [67949, -56.1579598, -34.9171689],
        [67501, -56.1903867, -34.9035478],
        [65429, -56.1506563, -34.9153372],
        [67999, -56.1511221, -34.9059806],
        [67341, -56.1795795, -34.9003644],
        [65656, -56.1511034, -34.9044024],
        [67460, -56.1733693, -34.9067784],
        [65857, -56.1738006, -34.9052802],
        [67918, -56.1889397, -34.9105175],
        [64809, -56.1857755, -34.9035125],
        [67664, -56.1776007, -34.8955448],
        [68057, -56.1915562, -34.9086684],
        [65704, -56.1526822, -34.9123122],
        [65303, -56.1549327, -34.9126438],
        [65929, -56.1784985, -34.9027241],
        [65093, -56.1807738, -34.9078883],
        [65258, -56.1689209, -34.8985561],
        [67616, -56.1909561, -34.9109097],
        [66802, -56.1754958, -34.9028165],
        [67988, -56.1913639, -34.9095869],
        [64997, -56.1900866, -34.9136226],
        [67922, -56.1873455, -34.9064987],
        [65892, -56.1871532, -34.9047030],
        [67637, -56.1508564, -34.9062086],
        [66605, -56.1698692, -34.9117143],
        [67013, -56.1738777, -34.9125396],
        [64860, -56.1861940, -34.9033981],
        [65401, -56.1893699, -34.9103896],
        [68287, -56.1521204, -34.9044275],
        [64916, -56.1748665, -34.9125148],
        [67619, -56.1899951, -34.9092125],
        [65849, -56.1509940, -34.9022736],
        [64891, -56.1694421, -34.8965849],
        [66578, -56.1924107, -34.9115325],
        [65630, -56.1650009, -34.9035879],
        [68090, -56.1624075, -34.9021814],
        [68086, -56.1751703, -34.9094420],
        [68051, -56.1759564, -34.8984823],
        [66228, -56.1963824, -34.9101161],
        [66131, -56.1900866, -34.9136226],
        [64929, -56.1905430, -34.9122911],
        [65590, -56.1617628, -34.9055720],
        [67485, -56.1730151, -34.9136203],
        [65955, -56.1764306, -34.9099059],
        [66572, -56.1592826, -34.9006314],
        [67329, -56.1684187, -34.8958520],
        [67352, -56.1758977, -34.9058670],
        [68049, -56.1784097, -34.9091663],
        [64893, -56.1897334, -34.9098826],
        [68068, -56.1682024, -34.8975638],
        [65159, -56.1922965, -34.9086643],
        [65374, -56.1549379, -34.9049972],
        [66348, -56.1721354, -34.9126450],
        [66087, -56.1604474, -34.9105359],
        [68046, -56.1572710, -34.9020197],
        [66448, -56.1599783, -34.9054064],
        [65772, -56.1742845, -34.9013610],
        [67086, -56.1548480, -34.9036891],
        [68165, -56.1804874, -34.9000143],
        [67804, -56.1631958, -34.9153656]
    ]
}
