{
    "sources": [
        [-56.1937522,-34.9099409], 
        [-56.1837930,-34.9138907], 
        [-56.1871247,-34.9022055]
    ], 
    "targets": [
        [66271, -56.1999425, -34.9094317], 
        [67307, -56.1844628, -34.9079357], 
        [64856, -56.1815667, -34.9051299], 
        [65129, -56.1883932, -34.9116140], 
        [65462, -56.1859727, -34.9144671], 
        [66455, -56.1877314, -34.8989899], 
        [65320, -56.1887765, -34.9099979], 
        [68200, -56.1822052, -34.9133752], 
        [67648, -56.1949253, -34.9100298], 
        [67674, -56.1792410, -34.9101233], 
        [66919, -56.1907600, -34.9108858], 
        [66251, -56.1834897, -34.9036775], 
        [66095, -56.1850662, -34.9064834], 
        [65913, -56.1981886, -34.9082119], 
        [64803, -56.1868744, -34.9145885], 
        [66111, -56.1817027, -34.9088684], 
        [66463, -56.1989017, -34.9088162], 
        [68343, -56.1812526, -34.9116112], 
        [66090, -56.1871648, -34.8999825], 
        [65943, -56.1843852, -34.9085844], 
        [67957, -56.1851612, -34.9078096], 
        [67376, -56.1821096, -34.9041191], 
        [67341, -56.1969518, -34.9077032], 
        [65481, -56.1888370, -34.9010667], 
        [67409, -56.1828369, -34.9092187], 
        [64893, -56.1854471, -34.8998448], 
        [68183, -56.1839828, -34.9019630], 
        [65037, -56.1875318, -34.8989750], 
        [65067, -56.1934416, -34.9086764], 
        [67240, -56.1864194, -34.9088569]
    ]
}
