{
    "sources": [
        [-56.1937522,-34.9099409], 
        [-56.1837930,-34.9138907], 
        [-56.1871247,-34.9022055], 
        [-56.1775218,-34.8989302], 
        [-56.1731582,-34.9027938], 
        [-56.1627437,-34.9003983]
    ], 
    "targets": [
        [66716,-56.1802375,-34.9043048], 
        [66808,-56.1892314,-34.9094419], 
        [65362,-56.1863889,-34.9109081], 
        [65658,-56.1907397,-34.9018684], 
        [66088,-56.1855301,-34.8986460], 
        [67539,-56.1821978,-34.9031593], 
        [67763,-56.1624349,-34.9022402], 
        [66684,-56.1677139,-34.8990619], 
        [68309,-56.1765752,-34.9035767], 
        [66034,-56.1914773,-34.9095966], 
        [65391,-56.1841608,-34.9107335], 
        [64830,-56.1698237,-34.8999284], 
        [67882,-56.1777395,-34.8985665], 
        [66156,-56.1667101,-34.8997673], 
        [68346,-56.1846923,-34.9007775], 
        [68157,-56.1844626,-34.9125886], 
        [64886,-56.1893360,-34.9027067], 
        [67969,-56.1773550,-34.9055703], 
        [67243,-56.1769485,-34.9042826], 
        [66337,-56.1904980,-34.9104648], 
        [68207,-56.1901529,-34.9011612], 
        [67341,-56.1639698,-34.8998973], 
        [65573,-56.1831248,-34.8992836], 
        [65745,-56.1709961,-34.9004143], 
        [65363,-56.1710932,-34.9055909], 
        [65615,-56.1879481,-34.9028958], 
        [66975,-56.1698164,-34.8949373], 
        [67603,-56.1882068,-34.9104675], 
        [67235,-56.1854769,-34.9137315], 
        [66913,-56.1606547,-34.8989006], 
        [67820,-56.1668919,-34.9009994], 
        [66112,-56.1945507,-34.9107622], 
        [67324,-56.1943447,-34.9090972], 
        [65980,-56.1855677,-34.8996156], 
        [67118,-56.1682595,-34.9038402], 
        [67226,-56.1882407,-34.8999311], 
        [67952,-56.1722991,-34.8981058], 
        [68062,-56.1913800,-34.9077294], 
        [67168,-56.1825389,-34.8999425], 
        [65158,-56.1858495,-34.8980305], 
        [65416,-56.1798770,-34.9116605], 
        [67477,-56.1971387,-34.9092419], 
        [64990,-56.1829957,-34.9094182], 
        [66892,-56.1899951,-34.9092125], 
        [68367,-56.1898564,-34.8989545], 
        [66040,-56.1793588,-34.8973917], 
        [65728,-56.1630678,-34.9015593], 
        [67798,-56.1686349,-34.9054794], 
        [65041,-56.1617575,-34.9043456], 
        [66590,-56.1698632,-34.9000820], 
        [65550,-56.1883609,-34.9113523], 
        [65772,-56.1862936,-34.9001615], 
        [67145,-56.1596133,-34.8990647], 
        [67244,-56.1699661,-34.9022964], 
        [67098,-56.1779274,-34.9025038], 
        [68254,-56.1878783,-34.9083914], 
        [66434,-56.1813833,-34.9041007], 
        [65868,-56.1835218,-34.9071358], 
        [68193,-56.1691479,-34.9008706], 
        [65865,-56.1844984,-34.9027420]
    ]
}
