{
    "sources": [
        [-56.1937522,-34.9099409], 
        [-56.1837930,-34.9138907], 
        [-56.1871247,-34.9022055], 
        [-56.1775218,-34.8989302], 
        [-56.1731582,-34.9027938], 
        [-56.1627437,-34.9003983], 
        [-56.1549063,-34.9054794], 
        [-56.1601349,-34.9132660], 
        [-56.1557248,-34.9152643]
    ], 
    "targets": [
        [67494,-56.1534446,-34.9125793], 
        [66202,-56.1784519,-34.9018356], 
        [67592,-56.1537480,-34.9148808], 
        [68268,-56.1974374,-34.9092619], 
        [65050,-56.1978606,-34.9079527], 
        [68322,-56.1524154,-34.9075451], 
        [65971,-56.1791404,-34.8975435], 
        [64814,-56.1931542,-34.9069387], 
        [65804,-56.1581013,-34.9041084], 
        [68208,-56.1784939,-34.9097756], 
        [67746,-56.1744003,-34.9079714], 
        [68071,-56.1785773,-34.9075894], 
        [67375,-56.1809742,-34.9056849], 
        [67919,-56.1726894,-34.8974502], 
        [65477,-56.1513374,-34.9110543], 
        [65016,-56.1548735,-34.9080716], 
        [66814,-56.1846484,-34.9008538], 
        [68163,-56.1904998,-34.9025431], 
        [67577,-56.1655202,-34.9037854], 
        [66548,-56.1799516,-34.9047808], 
        [67280,-56.1699912,-34.9055067], 
        [64927,-56.1564976,-34.9039936], 
        [65151,-56.1605573,-34.9112941], 
        [66259,-56.1610312,-34.9060764], 
        [66597,-56.1680130,-34.8991811], 
        [66638,-56.1799089,-34.8964801], 
        [66278,-56.1966303,-34.9106452], 
        [68043,-56.1839389,-34.9090323], 
        [65048,-56.1632029,-34.9018578], 
        [64988,-56.1542292,-34.9077290], 
        [66153,-56.1970149,-34.9109228], 
        [67999,-56.1895748,-34.9005351], 
        [66021,-56.1590873,-34.9160315], 
        [66404,-56.1701072,-34.9044480], 
        [65995,-56.1701855,-34.9123747], 
        [65989,-56.1741406,-34.8991237], 
        [66344,-56.1887542,-34.9076758], 
        [66841,-56.1819176,-34.9123731], 
        [67619,-56.1739475,-34.8947040], 
        [68280,-56.1941341,-34.9080994], 
        [68052,-56.1669403,-34.9078619], 
        [65964,-56.1607850,-34.9075445], 
        [66690,-56.1835689,-34.9011397], 
        [67308,-56.1895094,-34.9085150], 
        [66443,-56.1648036,-34.8983476], 
        [65134,-56.1558987,-34.9107749], 
        [68328,-56.1528543,-34.9021783], 
        [66714,-56.1615793,-34.9055256], 
        [67339,-56.1659941,-34.9064442], 
        [66401,-56.1543692,-34.9039518], 
        [65634,-56.1701154,-34.9043849], 
        [66206,-56.1606873,-34.9040316], 
        [67410,-56.1568634,-34.9050151], 
        [68113,-56.1737813,-34.8958615], 
        [67281,-56.1839847,-34.9105520], 
        [65217,-56.1514186,-34.9155274], 
        [67229,-56.1845088,-34.9021784], 
        [65356,-56.1530435,-34.9018100], 
        [66250,-56.1541619,-34.9078818], 
        [65728,-56.1748544,-34.9033306], 
        [67738,-56.1534506,-34.9114026], 
        [66771,-56.1894836,-34.9075905], 
        [66649,-56.1515018,-34.9139544], 
        [67204,-56.1624187,-34.9084891], 
        [67311,-56.1678927,-34.8983552], 
        [66112,-56.1777581,-34.9054874], 
        [66924,-56.1700937,-34.8983162], 
        [65388,-56.1752057,-34.9090409], 
        [66124,-56.1903907,-34.9055091], 
        [65763,-56.1549324,-34.9154797], 
        [67346,-56.1659941,-34.9064442], 
        [68353,-56.1707954,-34.8997592], 
        [66536,-56.1747306,-34.9026490], 
        [67284,-56.1582869,-34.9145472], 
        [66728,-56.1721203,-34.9041281], 
        [65692,-56.1624483,-34.9001844], 
        [67743,-56.1692917,-34.9119989], 
        [67091,-56.1831531,-34.9035445], 
        [66696,-56.1783274,-34.9026598], 
        [67758,-56.1660981,-34.9077975], 
        [67051,-56.1949253,-34.9100298], 
        [68285,-56.1899951,-34.9092125], 
        [68388,-56.1519062,-34.9152197], 
        [66865,-56.1730118,-34.9128493], 
        [65818,-56.1666453,-34.9086173], 
        [65276,-56.1813474,-34.9123377], 
        [65124,-56.1565546,-34.9096613], 
        [67264,-56.1658021,-34.9081787], 
        [67622,-56.1946271,-34.9117050], 
        [67722,-56.1518836,-34.9017162]
    ]
}
