{
    "sources": [
        [-56.1937522,-34.9099409], 
        [-56.1837930,-34.9138907], 
        [-56.1871247,-34.9022055], 
        [-56.1775218,-34.8989302], 
        [-56.1731582,-34.9027938], 
        [-56.1627437,-34.9003983], 
        [-56.1549063,-34.9054794], 
        [-56.1601349,-34.9132660], 
        [-56.1557248,-34.9152643]
    ], 
    "targets": [
        [65095, -56.1853199, -34.8975535],
        [65355, -56.1518116, -34.9039881],
        [65322, -56.1558623, -34.9117260],
        [66837, -56.1622509, -34.9078928],
        [65721, -56.1774679, -34.9048858],
        [67872, -56.1507277, -34.9149815],
        [67501, -56.1766582, -34.8973193],
        [64955, -56.1601376, -34.9008447],
        [65302, -56.1858308, -34.9025525],
        [65390, -56.1665057, -34.9034810],
        [65136, -56.1820046, -34.8993257],
        [66100, -56.1552361, -34.9004636],
        [67912, -56.1778164, -34.9024580],
        [65348, -56.1738121, -34.8974308],
        [66431, -56.1771842, -34.8992436],
        [67242, -56.1589118, -34.9053314],
        [64971, -56.1838344, -34.8996806],
        [66586, -56.1814006, -34.8987716],
        [67766, -56.1716840, -34.8943053],
        [65902, -56.1672335, -34.9101904],
        [67381, -56.1715944, -34.9034347],
        [67150, -56.1543936, -34.9085733],
        [65979, -56.1829274, -34.9084393],
        [65327, -56.1810466, -34.9125160],
        [66917, -56.1823422, -34.9124030],
        [65780, -56.1726134, -34.9133561],
        [64802, -56.1710596, -34.8950405],
        [65496, -56.1733378, -34.9048770],
        [67883, -56.1754111, -34.9028024],
        [67798, -56.1874568, -34.9074237],
        [65531, -56.1820784, -34.8988528],
        [66285, -56.1898785, -34.9103660],
        [65585, -56.1999798, -34.9089721],
        [67372, -56.1777885, -34.8974938],
        [66506, -56.1617078, -34.9102425],
        [65895, -56.1901424, -34.9030592],
        [65139, -56.1650788, -34.9106309],
        [67183, -56.1838692, -34.9110201],
        [65688, -56.1853374, -34.9053491],
        [67583, -56.1829328, -34.9083808],
        [65458, -56.1858089, -34.9142180],
        [66826, -56.1550709, -34.9035689],
        [67179, -56.1579017, -34.9116049],
        [68360, -56.1801745, -34.9130421],
        [65564, -56.1970989, -34.9101614],
        [65057, -56.1590076, -34.9100345],
        [66588, -56.1514896, -34.9111545],
        [65094, -56.1851163, -34.9020337],
        [66270, -56.1636888, -34.9085159],
        [66749, -56.1865996, -34.9132521],
        [68354, -56.1535351, -34.9171652],
        [66428, -56.1786595, -34.9067559],
        [68131, -56.1817118, -34.9102211],
        [66012, -56.1823635, -34.9047294],
        [66071, -56.1542507, -34.9002223],
        [66374, -56.1871087, -34.9054736],
        [65559, -56.1558543, -34.9160497],
        [66585, -56.1771663, -34.8952758],
        [66621, -56.1726220, -34.8951683],
        [68245, -56.1612881, -34.9001133],
        [66446, -56.1803013, -34.9078581],
        [67278, -56.1889769, -34.9061759],
        [65445, -56.1682765, -34.8958375],
        [66666, -56.1621817, -34.9135687],
        [66801, -56.1736739, -34.9039989],
        [65682, -56.1830502, -34.9035032],
        [67469, -56.1815905, -34.8971407],
        [66106, -56.1816420, -34.9128974],
        [65910, -56.1698316, -34.8957445],
        [66445, -56.1712588, -34.9017011],
        [65053, -56.1545042, -34.9025235],
        [68235, -56.1987642, -34.9082517],
        [66974, -56.1909105, -34.9094982],
        [65541, -56.1695336, -34.8980959],
        [64966, -56.1856670, -34.9136021],
        [67939, -56.1502845, -34.9140406],
        [65363, -56.1665116, -34.9034315],
        [67170, -56.1769951, -34.9077771],
        [64850, -56.1745517, -34.9102042],
        [67764, -56.1815397, -34.8964686],
        [68156, -56.1897890, -34.9030388],
        [66058, -56.1820517, -34.8967155],
        [67890, -56.1542586, -34.9061242],
        [68205, -56.1845302, -34.9023634],
        [65309, -56.1505739, -34.9061300],
        [66552, -56.1505278, -34.9080188],
        [65951, -56.1775200, -34.8962296],
        [66810, -56.1921381, -34.9058363],
        [65833, -56.1647172, -34.9103309],
        [67483, -56.1886061, -34.9097263]
    ]
}
