{
    "sources": [
        [-56.1937522,-34.9099409], 
        [-56.1837930,-34.9138907], 
        [-56.1871247,-34.9022055], 
        [-56.1775218,-34.8989302], 
        [-56.1731582,-34.9027938], 
        [-56.1627437,-34.9003983]
    ], 
    "targets": [
        [65625, -56.1684466, -34.8997973],
        [66711, -56.1698642, -34.9048701],
        [67617, -56.1895651, -34.9006207],
        [67824, -56.1702924, -34.9031778],
        [68152, -56.1915983, -34.9096064],
        [66097, -56.1663126, -34.9053192],
        [66555, -56.1683713, -34.9010907],
        [64885, -56.1865397, -34.9130128],
        [67697, -56.1661549, -34.9021080],
        [66624, -56.1785490, -34.9005332],
        [67134, -56.1816841, -34.9071595],
        [68050, -56.1694261, -34.8982395],
        [67538, -56.1872091, -34.8987519],
        [66984, -56.1822284, -34.9023525],
        [68391, -56.1849361, -34.9116179],
        [65747, -56.1706774, -34.8961831],
        [66637, -56.1768372, -34.8982358],
        [65249, -56.1675296, -34.8984745],
        [65669, -56.1666996, -34.9018232],
        [65553, -56.1898818, -34.8990899],
        [68119, -56.1880732, -34.9076307],
        [65384, -56.1597178, -34.8990159],
        [66290, -56.1902374, -34.9020950],
        [65768, -56.1727102, -34.8955882],
        [67387, -56.1718301, -34.9015607],
        [66316, -56.1852619, -34.9042665],
        [68111, -56.1812152, -34.9051185],
        [66542, -56.1707879, -34.8976401],
        [65828, -56.1905820, -34.9016239],
        [65675, -56.1856535, -34.9004864],
        [66952, -56.1901608, -34.9028655],
        [67739, -56.1864832, -34.9027913],
        [68201, -56.1729420, -34.8981147],
        [65374, -56.1810697, -34.9132961],
        [65843, -56.1803001, -34.9103919],
        [65319, -56.1782392, -34.8981912],
        [65170, -56.1709826, -34.8976685],
        [66494, -56.1832539, -34.9099474],
        [67472, -56.1695533, -34.9040925],
        [65637, -56.1901808, -34.9096691],
        [66516, -56.1749900, -34.8979843],
        [65089, -56.1789301, -34.8952337],
        [65784, -56.1620799, -34.9014262],
        [67884, -56.1692494, -34.9049246],
        [65568, -56.1881043, -34.9008589],
        [66137, -56.1775527, -34.9018024],
        [65428, -56.1794960, -34.9020951],
        [66452, -56.1879599, -34.9051006],
        [68316, -56.1845656, -34.9009976],
        [64980, -56.1879736, -34.9067689],
        [66890, -56.1811913, -34.9088289],
        [67188, -56.1982299, -34.9100787],
        [65207, -56.1852546, -34.8998074],
        [68072, -56.1603086, -34.8966845],
        [67781, -56.1846270, -34.9109080],
        [67187, -56.1845565, -34.8988018],
        [65756, -56.1907325, -34.9056395],
        [66928, -56.1906443, -34.9104748],
        [67848, -56.1877351, -34.9071596],
        [67300, -56.1617423, -34.9006574]
    ]
}
