{
    "sources": [
        [-56.1937522,-34.9099409], 
        [-56.1837930,-34.9138907], 
        [-56.1871247,-34.9022055], 
        [-56.1775218,-34.8989302], 
        [-56.1731582,-34.9027938], 
        [-56.1627437,-34.9003983]
    ], 
    "targets": [
        [67975, -56.1920629, -34.9110703],
        [66399, -56.1955066, -34.9106153],
        [65769, -56.1629633, -34.9013331],
        [64852, -56.1656343, -34.8993407],
        [66472, -56.1680416, -34.9004167],
        [65913, -56.1819488, -34.9070261],
        [67657, -56.1855282, -34.8984972],
        [67444, -56.1841156, -34.9111480],
        [65087, -56.1599084, -34.9044140],
        [67339, -56.1727552, -34.8968239],
        [68251, -56.1842785, -34.9096252],
        [65919, -56.1949253, -34.9100298],
        [65367, -56.1674693, -34.9020178],
        [64891, -56.1640685, -34.9011559],
        [66471, -56.1800542, -34.8996146],
        [67019, -56.1750844, -34.8945629],
        [67031, -56.1797581, -34.9098607],
        [65115, -56.1898411, -34.9059046],
        [68081, -56.1846662, -34.9022426],
        [67068, -56.1612926, -34.8980619],
        [67933, -56.1825254, -34.8981254],
        [67848, -56.1958514, -34.9091387],
        [66881, -56.1892380, -34.9029946],
        [67587, -56.1837126, -34.8998151],
        [66059, -56.1593904, -34.9030461],
        [67819, -56.1837712, -34.8989408],
        [65205, -56.1867879, -34.9026220],
        [66795, -56.1816690, -34.8981963],
        [67846, -56.1709494, -34.8986556],
        [66888, -56.1852111, -34.8992210],
        [66039, -56.1764760, -34.9044057],
        [67675, -56.1959298, -34.9086748],
        [66119, -56.1758950, -34.8959255],
        [67172, -56.1686475, -34.9053893],
        [65705, -56.1944983, -34.9062532],
        [67156, -56.1790956, -34.9098157],
        [65412, -56.1622136, -34.9017337],
        [66705, -56.1853997, -34.9135822],
        [65631, -56.1663680, -34.8990977],
        [67589, -56.1905567, -34.8993288],
        [66033, -56.1770232, -34.8954958],
        [65518, -56.1615368, -34.9002097],
        [66266, -56.1800712, -34.8982486],
        [65133, -56.1667439, -34.8994700],
        [64824, -56.1809469, -34.9047830],
        [66077, -56.1817028, -34.9050677],
        [65613, -56.1682502, -34.9050259],
        [64824, -56.1794530, -34.8958233],
        [65508, -56.1721791, -34.8951338],
        [66006, -56.1680416, -34.9004167],
        [66393, -56.1889769, -34.9061759],
        [67303, -56.1902628, -34.9046651],
        [65922, -56.1612736, -34.9024171],
        [67906, -56.1801419, -34.9056568],
        [65134, -56.1849072, -34.9024922],
        [66440, -56.1899604, -34.9047352],
        [66464, -56.1777812, -34.9042702],
        [66423, -56.1971711, -34.9073846],
        [66739, -56.1985302, -34.9083990],
        [67240, -56.1808466, -34.9012431]
    ]
}
