{
    "sources": [
        [-56.1937522,-34.9099409], 
        [-56.1837930,-34.9138907], 
        [-56.1871247,-34.9022055], 
        [-56.1775218,-34.8989302], 
        [-56.1731582,-34.9027938], 
        [-56.1627437,-34.9003983]
    ], 
    "targets": [
        [67202, -56.1821421, -34.9064367],
        [67850, -56.1860557, -34.9025721],
        [68019, -56.1887700, -34.9121214],
        [67866, -56.1868919, -34.9017165],
        [65806, -56.1977498, -34.9090791],
        [64885, -56.1833547, -34.9017018],
        [65002, -56.1745992, -34.9049790],
        [67791, -56.1692335, -34.8965159],
        [66739, -56.1700590, -34.8968010],
        [68282, -56.1792206, -34.9103125],
        [65730, -56.1752277, -34.8997262],
        [67438, -56.1898248, -34.9048966],
        [67611, -56.1977498, -34.9090791],
        [65274, -56.1803941, -34.9095404],
        [66396, -56.1868928, -34.9143181],
        [66725, -56.1803110, -34.9117716],
        [66696, -56.1859727, -34.9144671],
        [66330, -56.1909009, -34.9113782],
        [67971, -56.1682216, -34.9031817],
        [67002, -56.1742832, -34.9053150],
        [65879, -56.1678043, -34.9027776],
        [67441, -56.1804235, -34.9005234],
        [66898, -56.1821838, -34.9014009],
        [67458, -56.1668338, -34.8987583],
        [67914, -56.1814928, -34.9079518],
        [66352, -56.1887204, -34.9027612],
        [67530, -56.1677295, -34.8949321],
        [65339, -56.1838713, -34.9002355],
        [66441, -56.1676112, -34.9031415],
        [67989, -56.1838445, -34.9090226],
        [67362, -56.1875318, -34.8989750],
        [65398, -56.1752429, -34.8955423],
        [67241, -56.1816118, -34.9079616],
        [66114, -56.1686413, -34.8947985],
        [66104, -56.1769741, -34.8965730],
        [67792, -56.1807808, -34.8992588],
        [65807, -56.1770123, -34.8994002],
        [65984, -56.1879802, -34.9083966],
        [66713, -56.1861166, -34.9115961],
        [65362, -56.1804358, -34.9045812],
        [66019, -56.1877541, -34.9118306],
        [68134, -56.1619589, -34.9016283],
        [65478, -56.1840421, -34.9090375],
        [66639, -56.1650686, -34.8977813],
        [65950, -56.1712952, -34.8996499],
        [65893, -56.1859081, -34.8994376],
        [66831, -56.1720148, -34.8943301],
        [66922, -56.1670895, -34.8964696],
        [67121, -56.1821253, -34.8992273],
        [67800, -56.1817185, -34.9036836],
        [66114, -56.1822315, -34.9075555],
        [68329, -56.1814006, -34.8987716],
        [65800, -56.1636146, -34.8964052],
        [67851, -56.1961610, -34.9099433],
        [67381, -56.1693885, -34.9032708],
        [66199, -56.1813924, -34.9132442],
        [65703, -56.1774191, -34.8990062],
        [65639, -56.1843718, -34.9069702],
        [67100, -56.1604793, -34.9039671],
        [66422, -56.1834153, -34.8977887]
    ]
}
