{
    "sources": [
        [-56.1937522,-34.9099409], 
        [-56.1837930,-34.9138907], 
        [-56.1871247,-34.9022055]
    ], 
    "targets": [
        [65714, -56.1837013, -34.8987465],
        [65740, -56.1947499, -34.9069718],
        [67047, -56.1904550, -34.9011812],
        [67129, -56.1893360, -34.9027067],
        [68161, -56.1903383, -34.9040795],
        [65848, -56.1966248, -34.9088959],
        [68342, -56.1819255, -34.9035047],
        [67456, -56.1883250, -34.9015142],
        [68025, -56.1821421, -34.9064367],
        [66370, -56.1916635, -34.9086781],
        [67991, -56.1816420, -34.9128974],
        [64966, -56.1810893, -34.9029174],
        [64927, -56.1915983, -34.9096064],
        [67046, -56.1881941, -34.9019551],
        [66079, -56.1922433, -34.9094169],
        [67806, -56.1861726, -34.9056973],
        [67797, -56.1917886, -34.9079260],
        [66701, -56.1866476, -34.9134463],
        [66687, -56.1931630, -34.9093959],
        [66396, -56.1862294, -34.9105012],
        [67913, -56.1989032, -34.9073284],
        [67185, -56.1900866, -34.9136226],
        [67554, -56.1979758, -34.9088462],
        [64902, -56.1911170, -34.9010639],
        [67064, -56.1930481, -34.9105764],
        [65788, -56.1884050, -34.9027005],
        [66934, -56.1842798, -34.9040300],
        [66416, -56.1871948, -34.9015366],
        [65400, -56.1888370, -34.9010667],
        [65975, -56.1865542, -34.9130715]
    ]
}
