{
    "sources": [
        [-56.1937522,-34.9099409], 
        [-56.1837930,-34.9138907], 
        [-56.1871247,-34.9022055]
    ], 
    "targets": [
        [65264, -56.1904988, -34.9044638],
        [65719, -56.1952925, -34.9080169],
        [66655, -56.1849227, -34.8991244],
        [67020, -56.1879757, -34.8991899],
        [67207, -56.1846099, -34.9129142],
        [66344, -56.1899951, -34.9092125],
        [67859, -56.1850653, -34.8979891],
        [67906, -56.1856519, -34.9145127],
        [66372, -56.1952741, -34.9108166],
        [67889, -56.1825897, -34.9019221],
        [66609, -56.1813774, -34.9047679],
        [66519, -56.1862098, -34.9106860],
        [67731, -56.1831490, -34.9031973],
        [65914, -56.1952422, -34.9063033],
        [67020, -56.1819714, -34.9081939],
        [65153, -56.1997118, -34.9083121],
        [66704, -56.1930349, -34.9078712],
        [66855, -56.1861051, -34.9016616],
        [64907, -56.1804774, -34.9115563],
        [64904, -56.1832405, -34.9127008],
        [65052, -56.1960262, -34.9071380],
        [67352, -56.1877767, -34.9024528],
        [66093, -56.1909692, -34.9115320],
        [67276, -56.1826161, -34.9112732],
        [65475, -56.1896125, -34.9058871],
        [66501, -56.1940423, -34.9090230],
        [64951, -56.1872446, -34.8982021],
        [66175, -56.1822894, -34.9046117],
        [65599, -56.1896764, -34.9119922],
        [66812, -56.1955523, -34.9101377]
    ]
}
