{
    "sources": [
        [-56.1937522,-34.9099409], 
        [-56.1837930,-34.9138907], 
        [-56.1871247,-34.9022055], 
        [-56.1775218,-34.8989302], 
        [-56.1731582,-34.9027938], 
        [-56.1627437,-34.9003983], 
        [-56.1549063,-34.9054794], 
        [-56.1601349,-34.9132660], 
        [-56.1557248,-34.9152643]
    ], 
    "targets": [
        [67635, -56.1883486, -34.9095442],
        [64887, -56.1777660, -34.9049058],
        [66721, -56.1693769, -34.9070670],
        [66969, -56.1521335, -34.9127415],
        [68087, -56.1854705, -34.9093221],
        [68196, -56.1600095, -34.9044192],
        [67015, -56.1554715, -34.9072011],
        [67966, -56.1557648, -34.9119598],
        [65459, -56.1845335, -34.9101950],
        [66165, -56.1505490, -34.9141281],
        [65049, -56.1766165, -34.8954660],
        [66837, -56.1617978, -34.9012530],
        [66356, -56.1497561, -34.9080224],
        [65039, -56.1705485, -34.9002264],
        [66684, -56.1596501, -34.9172708],
        [67776, -56.1881511, -34.9031992],
        [66114, -56.1614409, -34.9088385],
        [66861, -56.1604372, -34.9154953],
        [67755, -56.1605623, -34.9155052],
        [66435, -56.1600811, -34.9165389],
        [67690, -56.1888123, -34.9077439],
        [65538, -56.1803704, -34.9112310],
        [65498, -56.1795618, -34.9092282],
        [65467, -56.1670171, -34.9049273],
        [67543, -56.1699000, -34.8951317],
        [66241, -56.1802162, -34.9097421],
        [66489, -56.1856185, -34.9045935],
        [67312, -56.1617078, -34.9102425],
        [65394, -56.1831489, -34.8970610],
        [67848, -56.1782646, -34.9090301],
        [64975, -56.1613231, -34.9011776],
        [65906, -56.1848436, -34.9126001],
        [66279, -56.1680644, -34.9079192],
        [66023, -56.1720624, -34.9060123],
        [66963, -56.1797143, -34.8963030],
        [65343, -56.1959758, -34.9091486],
        [65316, -56.1721779, -34.9013917],
        [65923, -56.1772466, -34.9037571],
        [67786, -56.1507765, -34.9132325],
        [65187, -56.1600358, -34.9152716],
        [68351, -56.1558760, -34.9063112],
        [64920, -56.1864946, -34.9026020],
        [65353, -56.1544756, -34.9027126],
        [65825, -56.1617078, -34.9102425],
        [67201, -56.1789375, -34.9130518],
        [65386, -56.1853142, -34.9002091],
        [67525, -56.1936241, -34.9080644],
        [67133, -56.1859983, -34.9093617],
        [66071, -56.1917193, -34.9096163],
        [67928, -56.1622046, -34.9152145],
        [65111, -56.1754968, -34.9027173],
        [68300, -56.1723329, -34.9021683],
        [67088, -56.1797574, -34.9116507],
        [68252, -56.1577152, -34.9108371],
        [65687, -56.1505944, -34.9169644],
        [68075, -56.1884282, -34.9024932],
        [68072, -56.1809689, -34.9115912],
        [67568, -56.1612289, -34.9136703],
        [67065, -56.1844553, -34.9028138],
        [67842, -56.1804041, -34.8985484],
        [66351, -56.1611731, -34.8991792],
        [67461, -56.1636580, -34.9087907],
        [65755, -56.1790383, -34.8951577],
        [66985, -56.1819547, -34.9043625],
        [68094, -56.1624510, -34.9110998],
        [64955, -56.1790476, -34.9042562],
        [65188, -56.1602986, -34.9135196],
        [67199, -56.1829294, -34.9066539],
        [68325, -56.1588630, -34.9149479],
        [67662, -56.1653283, -34.9069311],
        [65385, -56.1614537, -34.9026708],
        [67137, -56.1508375, -34.9091707],
        [66649, -56.1733316, -34.9049272],
        [66550, -56.1849079, -34.9119108],
        [65078, -56.1675296, -34.8984745],
        [67824, -56.1771874, -34.9038604],
        [68174, -56.1965542, -34.9096123],
        [67374, -56.1567447, -34.9004335],
        [66780, -56.1853899, -34.9117336],
        [65100, -56.1518624, -34.9074375],
        [65295, -56.1897432, -34.9085346],
        [68347, -56.1910491, -34.9123080],
        [65160, -56.1577780, -34.9152740],
        [65509, -56.1818682, -34.9005286],
        [66840, -56.1838445, -34.9090226],
        [67485, -56.1670325, -34.9057750],
        [65572, -56.1502157, -34.9043827],
        [66785, -56.1539160, -34.9160497],
        [66056, -56.1762321, -34.9119695],
        [68188, -56.1698741, -34.9047710]
    ]
}
